<?xml version="1.0" encoding="utf-8"?>
<!DOCTYPE install SYSTEM "http://dev.joomla.org/xml/1.5/component-install.dtd">
<install type="component" version="1.5" method="upgrade">
    <name>Documents</name>
    <creationDate>April 2012</creationDate>
    <author>IT&amp;L@bs</author>
    <authorEmail>csicard.ext@orange.com</authorEmail>
    <authorUrl>http://www.itlabs.fr.orange-business.com/</authorUrl>
    <copyright>Copyright (C) 2012 Orange. All rights reserved.</copyright>
    <license></license>
    <version>1.0.0-000</version>
    <revision></revision>
    <description></description>

<!--    <installfile>install.futfactory.php</installfile>
    <uninstallfile>uninstall.futfactory.php</uninstallfile>-->

    <files folder="front">
        <filename>index.html</filename>
        <filename>documents.php</filename>
        <filename>controller.php</filename>
    </files>

    <languages folder="front/languages">
        <language tag="fr-FR">fr-FR/fr-FR.com_documents.ini</language>
        <language tag="en-GB">en-GB/en-GB.com_documents.ini</language>
    </languages>
    
    <administration>
        
    </administration>
	
</install>
